azimuth_deg,altitude_deg,altitude_smooth_deg,edge_strength,x_pix,y_pix
0.00,-0.4500,-0.4772,72.27,691.925,1380.347
0.50,-0.5000,-0.4728,70.22,686.016,1380.519
1.00,-0.5000,-0.4683,70.24,680.106,1380.363
1.50,-0.4500,-0.4633,68.69,674.204,1379.880
2.00,-0.4500,-0.4577,68.27,668.300,1379.621
2.50,-0.4500,-0.4515,67.76,662.398,1379.309
3.00,-0.4500,-0.4446,65.74,656.499,1378.946
3.50,-0.4500,-0.4369,63.42,650.603,1378.531
4.00,-0.4500,-0.4281,59.71,644.710,1378.064
4.50,-0.4000,-0.4169,56.08,638.843,1377.271
5.00,-0.4000,-0.3994,56.08,632.962,1376.701
5.50,-0.4000,-0.3666,52.70,627.086,1376.079
6.00,-0.4000,-0.3007,50.57,621.215,1375.405
6.50,-0.4000,-0.1742,49.87,615.350,1374.680
7.00,-0.4000,0.0471,48.32,609.492,1373.904
7.50,-0.4000,0.3910,47.03,603.640,1373.076
8.00,-0.4000,0.8588,45.89,597.796,1372.196
8.50,-0.4000,1.4055,45.45,591.960,1371.265
9.00,-0.3500,1.9357,43.29,586.175,1370.011
9.50,7.1000,2.3264,43.12,587.430,1327.102
10.00,6.9500,2.4728,61.37,581.843,1326.956
10.50,7.0000,2.3336,51.98,576.467,1325.601
11.00,-0.3500,1.9507,41.53,562.963,1365.573
11.50,-0.3500,1.4294,39.94,557.185,1364.336
12.00,-0.3500,0.8922,40.59,551.418,1363.048
12.50,-0.3500,0.4342,39.95,545.663,1361.710
13.00,-0.3500,0.1000,39.64,539.919,1360.321
13.50,-0.3500,-0.1115,39.29,534.187,1358.882
14.00,-0.3000,-0.2276,38.00,528.536,1357.125
14.50,-0.3500,-0.2811,36.95,522.763,1355.852
15.00,-0.3000,-0.2984,37.26,517.143,1353.996
15.50,-0.3500,-0.2944,35.90,511.393,1352.621
16.00,-0.3000,-0.2738,35.67,505.807,1350.667
16.50,-0.3000,-0.2318,35.89,500.161,1348.928
17.00,-0.3000,-0.1530,33.71,494.530,1347.139
17.50,-0.2500,-0.0107,33.72,488.999,1345.038
18.00,-0.1000,0.2326,35.18,483.663,1342.367
18.50,-0.2000,0.6185,30.04,477.913,1340.955
19.00,-0.1500,1.1781,30.12,472.444,1338.711
19.50,-0.1000,1.9144,34.37,466.997,1336.419
20.00,-0.0500,2.7901,32.43,461.574,1334.081
20.50,6.2500,3.7311,45.07,468.880,1298.532
21.00,6.4500,4.6467,44.60,464.131,1295.385
21.50,6.7000,5.4574,46.53,459.531,1291.926
22.00,6.9000,6.1165,47.29,454.862,1288.701
22.50,7.0500,6.6170,47.45,450.116,1285.708
23.00,7.2500,6.9815,49.05,445.524,1282.406
23.50,7.4000,7.2461,49.47,440.850,1279.335
24.00,7.5000,7.4462,50.53,436.088,1276.495
24.50,7.6500,7.6086,50.81,431.483,1273.347
25.00,7.7500,7.7500,51.47,426.784,1270.428
25.50,7.9000,7.8795,51.89,422.248,1267.203
26.00,8.0500,8.0009,51.45,417.748,1263.942
26.50,8.1500,8.1156,51.29,413.148,1260.908
27.00,8.2500,8.2239,52.20,408.581,1257.836
27.50,8.3500,8.3260,52.18,404.045,1254.727
28.00,8.4500,8.4224,53.60,399.542,1251.579
28.50,8.5500,8.5137,51.88,395.072,1248.395
29.00,8.6000,8.6009,53.37,390.487,1245.432
29.50,8.7000,8.6848,52.42,386.081,1242.173
30.00,8.7500,8.7664,51.40,381.556,1239.135
30.50,8.8500,8.8462,50.52,377.215,1235.802
31.00,8.9500,8.9245,51.57,372.909,1232.434
31.50,9.0000,9.0014,50.02,368.478,1229.284
32.00,9.1000,9.0770,50.68,364.239,1225.845
32.50,9.1500,9.1515,51.31,359.870,1222.622
33.00,9.2000,9.2250,51.17,355.532,1219.362
33.50,9.3000,9.2975,51.58,351.395,1215.817
34.00,9.4000,9.3686,51.11,347.295,1212.239
34.50,9.4500,9.4379,50.38,343.056,1208.874
35.00,9.5000,9.5047,50.90,338.849,1205.472
35.50,9.6000,9.5686,49.82,334.854,1201.793
36.00,9.6500,9.6295,49.20,330.714,1198.323
36.50,9.7000,9.6874,49.78,326.607,1194.818
37.00,9.7500,9.7426,49.79,322.534,1191.279
37.50,9.8000,9.7956,49.99,318.494,1187.706
38.00,9.8500,9.8466,48.99,314.488,1184.099
38.50,9.9000,9.8959,48.72,310.516,1180.459
39.00,9.9500,9.9436,48.79,306.578,1176.786
39.50,10.0000,9.9897,48.27,302.675,1173.080
40.00,10.0500,10.0343,49.40,298.807,1169.342
40.50,10.1000,10.0775,48.41,294.974,1165.571
41.00,10.1000,10.1199,48.36,290.973,1161.993
41.50,10.1500,10.1618,47.60,287.209,1158.158
42.00,10.2000,10.2033,48.78,283.481,1154.292
42.50,10.2500,10.2442,47.51,279.789,1150.395
43.00,10.3000,10.2843,47.24,276.134,1146.467
43.50,10.3500,10.3231,46.65,272.516,1142.510
44.00,10.3500,10.3604,47.66,268.718,1138.736
44.50,10.4000,10.3961,47.08,265.172,1134.717
45.00,10.4500,10.4305,46.70,261.664,1130.670
45.50,10.4500,10.4635,46.34,257.971,1126.801
46.00,10.5000,10.4953,45.94,254.536,1122.695
46.50,10.5500,10.5258,45.81,251.139,1118.560
47.00,10.5500,10.5550,46.43,247.554,1114.600
47.50,10.6000,10.5829,46.57,244.232,1110.409
48.00,10.6000,10.6096,45.80,240.719,1106.389
48.50,10.6500,10.6352,45.26,237.473,1102.142
49.00,10.6500,10.6597,45.14,234.033,1098.063
49.50,10.7000,10.6833,46.13,230.864,1093.762
50.00,10.7000,10.7059,44.26,227.498,1089.625
50.50,10.7500,10.7274,44.82,224.408,1085.272
51.00,10.7500,10.7480,44.86,221.116,1081.079
51.50,10.7500,10.7676,44.28,217.861,1076.857
52.00,10.8000,10.7859,44.41,214.889,1072.426
52.50,10.8000,10.8026,43.90,211.710,1068.151
53.00,10.8500,10.8174,43.48,208.818,1063.671
53.50,10.8500,10.8298,44.14,205.717,1059.342
54.00,10.8500,10.8399,43.12,202.654,1054.987
54.50,10.8500,10.8479,43.25,199.629,1050.605
55.00,10.8500,10.8540,43.09,196.643,1046.196
55.50,10.8500,10.8584,43.48,193.696,1041.762
56.00,10.9000,10.8611,42.64,191.046,1037.139
56.50,10.8500,10.8622,42.59,187.919,1032.817
57.00,10.9000,10.8617,42.78,185.351,1028.148
57.50,10.8500,10.8600,41.69,182.301,1023.772
58.00,10.8500,10.8573,41.22,179.551,1019.214
58.50,10.8500,10.8539,40.72,176.842,1014.631
59.00,10.8500,10.8500,41.66,174.173,1010.025
59.50,10.8500,10.8453,40.86,171.545,1005.395
60.00,10.8500,10.8393,41.46,168.957,1000.743
60.50,10.8500,10.8315,40.92,166.411,996.069
61.00,10.8500,10.8217,39.92,163.906,991.372
61.50,10.8000,10.8097,40.73,161.169,986.791
62.00,10.8000,10.7959,40.41,158.746,982.049
62.50,10.8000,10.7804,39.30,156.364,977.286
63.00,10.7500,10.7635,38.84,153.748,972.632
63.50,10.7500,10.7454,40.22,151.449,967.826
64.00,10.7500,10.7261,39.08,149.192,963.000
64.50,10.7000,10.7055,39.58,146.699,958.277
65.00,10.7000,10.6838,39.55,144.526,953.410
65.50,10.6500,10.6611,40.18,142.115,948.641
66.00,10.6500,10.6374,38.53,140.027,943.734
66.50,10.6000,10.6127,37.79,137.699,938.921
67.00,10.6000,10.5870,38.45,135.697,933.976
67.50,10.6000,10.5603,37.45,133.738,929.014
68.00,10.5000,10.5324,37.92,131.251,924.244
68.50,10.5000,10.5033,37.44,129.378,919.243
69.00,10.5000,10.4729,37.09,127.549,914.227
69.50,10.4500,10.4407,36.76,125.475,909.291
70.00,10.4000,10.4064,35.99,123.444,904.335
70.50,10.4000,10.3696,36.96,121.746,899.267
71.00,10.3500,10.3300,35.59,119.802,894.273
71.50,10.3000,10.2877,33.16,117.901,889.260
72.00,10.2500,10.2430,35.48,116.043,884.228
72.50,10.2000,10.1962,36.17,114.229,879.178
73.00,10.1500,10.1479,34.86,112.458,874.109
73.50,10.1000,10.0985,35.78,110.732,869.022
74.00,10.0500,10.0480,33.35,109.049,863.918
74.50,10.0000,9.9966,31.46,107.412,858.797
75.00,9.9500,9.9438,34.43,105.818,853.659
75.50,9.9000,9.8896,33.97,104.269,848.505
76.00,9.8500,9.8338,34.39,102.765,843.335
76.50,9.8000,9.7764,33.75,101.306,838.149
77.00,9.7000,9.7175,33.70,99.595,833.005
77.50,9.6500,9.6574,33.80,98.226,827.787
78.00,9.6000,9.5958,33.04,96.902,822.554
78.50,9.5500,9.5326,33.07,95.625,817.308
79.00,9.5000,9.4674,31.97,94.392,812.048
79.50,9.4000,9.4001,31.89,92.907,806.818
80.00,9.3500,9.3310,31.15,91.767,801.529
80.50,9.2500,9.2611,30.72,90.373,796.266
81.00,9.2000,9.1925,32.03,89.325,790.951
81.50,9.1000,9.1284,30.61,88.023,785.656
82.00,9.0500,9.0733,29.23,87.068,780.316
82.50,8.9500,9.0332,29.23,85.860,774.991
83.00,8.8500,9.0147,29.30,84.698,769.651
83.50,8.8500,9.0238,25.70,84.183,764.253
84.00,8.8500,9.0648,26.57,83.715,758.851
84.50,8.9000,9.1386,24.09,83.594,753.429
85.00,9.1000,9.2428,21.22,84.424,747.968
85.50,9.3500,9.3719,19.09,85.606,742.515
86.00,9.5500,9.5192,19.36,86.538,737.094
86.50,9.6500,9.6788,19.89,86.913,731.704
87.00,9.8500,9.8464,18.81,87.943,726.317
87.50,10.0000,10.0196,18.49,88.719,720.950
88.00,10.1500,10.1965,21.18,89.543,715.599
88.50,10.3500,10.3745,19.71,90.720,710.269
89.00,10.4500,10.5495,20.32,91.336,704.946
89.50,10.6500,10.7163,19.55,92.609,699.654
90.00,11.6000,10.8703,21.85,98.536,694.581
90.50,10.9000,11.0103,27.21,94.381,689.091
91.00,11.0500,11.1385,25.07,95.491,683.842
91.50,11.2000,11.2601,23.14,96.647,678.611
92.00,11.3500,11.3806,22.60,97.850,673.399
92.50,11.4500,11.5039,21.88,98.792,668.179
93.00,11.6500,11.6317,21.81,100.394,663.033
93.50,11.7500,11.7636,23.35,101.428,657.847
94.00,11.9000,11.8984,23.13,102.814,652.712
94.50,12.0500,12.0349,22.62,104.245,647.598
95.00,12.1500,12.1722,23.65,105.414,642.464
95.50,12.3000,12.3097,22.61,106.936,637.390
96.00,12.4500,12.4467,23.15,108.501,632.338
96.50,12.6000,12.5826,22.49,110.111,627.309
97.00,12.7500,12.7170,22.75,111.765,622.302
97.50,12.8500,12.8495,23.46,113.156,617.265
98.00,13.0000,12.9804,23.53,114.897,612.302
98.50,13.1000,13.1099,23.21,116.374,607.304
99.00,13.2000,13.2382,24.00,117.894,602.325
99.50,13.4000,13.3652,23.34,120.071,597.496
100.00,13.5000,13.4905,24.71,121.676,592.562
100.50,13.6500,13.6140,23.90,123.630,587.718
101.00,13.7500,13.7356,23.69,125.320,582.826
101.50,13.8500,13.8559,24.20,127.052,577.956
102.00,13.9500,13.9758,24.87,128.825,573.106
102.50,14.1000,14.0961,23.64,130.945,568.360
103.00,14.2000,14.2176,25.12,132.801,563.557
103.50,14.3500,14.3406,24.74,135.002,558.863
104.00,14.4500,14.4648,24.79,136.939,554.107
104.50,14.5500,14.5891,26.21,138.917,549.374
105.00,14.7000,14.7121,25.47,141.237,544.760
105.50,14.9500,14.8324,25.72,144.202,540.372
106.00,15.0000,14.9493,27.97,145.995,535.619
106.50,15.0500,15.0629,29.15,147.828,530.886
107.00,15.1500,15.1742,26.90,150.003,526.278
107.50,15.2500,15.2843,27.13,152.217,521.695
108.00,15.4000,15.3942,27.00,154.768,517.249
108.50,15.5000,15.5038,26.31,157.058,512.720
109.00,15.6500,15.6126,27.38,159.684,508.334
109.50,15.7500,15.7202,27.78,162.048,503.859
110.00,15.8000,15.8262,25.89,164.154,499.288
110.50,15.9500,15.9307,27.87,166.889,494.990
111.00,16.0500,16.0341,27.06,169.366,490.595
111.50,16.1000,16.1368,28.05,171.584,486.098
112.00,16.2500,16.2388,27.43,174.427,481.890
112.50,16.3500,16.3400,25.62,177.012,477.579
113.00,16.4500,16.4397,26.34,179.632,473.296
113.50,16.5500,16.5375,27.24,182.288,469.043
114.00,16.6500,16.6314,26.57,184.979,464.818
114.50,16.7500,16.7176,27.55,187.704,460.622
115.00,16.8000,16.7884,27.23,190.177,456.306
115.50,16.9000,16.8302,27.15,192.972,452.167
116.00,17.0500,16.8247,27.80,196.087,448.213
116.50,17.1500,16.7547,28.41,198.948,444.137
117.00,17.2000,16.6152,28.97,201.560,439.932
117.50,17.3000,16.4264,27.89,204.489,435.914
118.00,17.3500,16.2380,27.77,207.169,431.763
118.50,17.4500,16.1176,29.05,210.164,427.806
119.00,6.9000,16.1239,34.10,156.702,388.998
119.50,17.6000,16.2777,27.99,215.972,419.815
120.00,17.7500,16.5502,28.15,219.338,416.126
120.50,17.8500,16.8754,30.01,222.459,412.297
121.00,17.9000,17.1795,30.00,225.337,408.321
121.50,18.0000,17.4095,31.09,228.520,404.555
122.00,18.1000,17.5457,32.15,231.732,400.823
122.50,17.6000,17.5974,37.91,231.757,394.872
123.00,17.5500,17.5890,34.57,234.248,390.608
123.50,17.5000,17.5468,34.00,236.777,386.364
124.00,17.4500,17.4906,32.46,239.345,382.139
124.50,17.4500,17.4324,32.65,242.212,378.132
125.00,17.3500,17.3771,32.51,244.596,373.753
125.50,17.3000,17.3259,31.74,247.279,369.591
126.00,17.2500,17.2776,31.47,249.999,365.452
126.50,17.2500,17.2312,32.55,253.011,361.538
127.00,17.2000,17.1849,32.09,255.804,357.445
127.50,17.1500,17.1376,34.45,258.636,353.374
128.00,17.1000,17.0883,34.78,261.504,349.326
128.50,17.0500,17.0365,34.85,264.410,345.301
129.00,17.0000,16.9823,34.61,267.352,341.299
129.50,16.9500,16.9259,33.35,270.331,337.322
130.00,16.8500,16.8680,33.20,273.106,333.149
130.50,16.8000,16.8089,33.51,276.159,329.219
131.00,16.7500,16.7492,33.12,279.249,325.313
131.50,16.7000,16.6889,33.38,282.374,321.433
132.00,16.6500,16.6280,33.92,285.535,317.578
132.50,16.5500,16.5665,33.36,288.502,313.520
133.00,16.5000,16.5043,33.96,291.735,309.715
133.50,16.4500,16.4413,33.99,295.003,305.938
134.00,16.4000,16.3776,34.44,298.306,302.187
134.50,16.3000,16.3130,34.30,301.423,298.226
135.00,16.2500,16.2475,34.85,304.797,294.528
135.50,16.2000,16.1811,34.32,308.205,290.858
136.00,16.1000,16.1138,34.25,311.433,286.974
136.50,16.0500,16.0454,33.96,314.911,283.359
137.00,16.0000,15.9758,34.30,318.422,279.772
137.50,15.9000,15.9050,34.31,321.758,275.968
138.00,15.8500,15.8328,34.06,325.338,272.438
138.50,15.7500,15.7593,35.65,328.747,268.688
139.00,15.7000,15.6846,35.29,332.393,265.217
139.50,15.6000,15.6086,36.86,335.874,261.522
140.00,15.5500,15.5310,37.39,339.587,258.110
140.50,15.4500,15.4518,38.36,343.138,254.472
141.00,15.4000,15.3708,36.62,346.916,251.121
141.50,15.3000,15.2883,35.86,350.537,247.542
142.00,15.2000,15.2045,38.24,354.193,243.991
142.50,15.1000,15.1197,37.61,357.885,240.470
143.00,15.0500,15.0343,37.66,361.793,237.242
143.50,14.9500,14.9481,37.38,365.552,233.782
144.00,14.8500,14.8611,38.12,369.346,230.352
144.50,14.8000,14.7727,37.67,373.349,227.221
145.00,14.7000,14.6828,41.50,377.209,223.853
145.50,14.6000,14.5916,41.94,381.103,220.518
146.00,14.5000,14.4993,42.11,385.031,217.213
146.50,14.4000,14.4065,41.88,388.991,213.941
147.00,14.3000,14.3136,40.83,392.985,210.701
147.50,14.2000,14.2209,40.05,397.012,207.493
148.00,14.1500,14.1280,39.49,401.229,204.596
148.50,14.0500,14.0345,39.90,405.318,201.456
149.00,13.9500,13.9399,40.86,409.439,198.350
149.50,13.8500,13.8439,39.24,413.592,195.277
150.00,13.7500,13.7464,40.17,417.776,192.239
150.50,13.6500,13.6476,40.85,421.991,189.235
151.00,13.5500,13.5476,40.42,426.238,186.266
151.50,13.4500,13.4463,40.46,430.515,183.332
152.00,13.3500,13.3436,28.32,434.822,180.434
152.50,13.2500,13.2391,41.12,439.159,177.571
153.00,13.1500,13.1329,40.52,443.525,174.745
153.50,13.0500,13.0247,40.65,447.921,171.955
154.00,12.9000,12.9149,41.02,452.220,168.912
154.50,12.8000,12.8036,42.91,456.677,166.194
155.00,12.7000,12.6911,41.80,461.162,163.514
155.50,12.6000,12.5775,42.45,465.675,160.872
156.00,12.4500,12.4631,41.33,470.100,157.975
156.50,12.3500,12.3479,41.31,474.671,155.408
157.00,12.2500,12.2320,43.03,479.269,152.879
157.50,12.1000,12.1155,42.12,483.786,150.094
158.00,12.0000,11.9983,41.74,488.439,147.643
158.50,11.9000,11.8803,42.82,493.119,145.230
159.00,11.7500,11.7612,41.47,497.725,142.561
159.50,11.6500,11.6408,43.12,502.459,140.227
160.00,11.5500,11.5190,44.19,507.218,137.934
160.50,11.4000,11.3955,43.74,511.910,135.383
161.00,11.2500,11.2704,42.60,516.632,132.871
161.50,11.1500,11.1437,43.55,521.470,130.699
162.00,11.0500,11.0156,43.70,526.331,128.567
162.50,10.9000,10.8862,44.16,531.134,126.177
163.00,10.7500,10.7555,44.20,535.966,123.829
163.50,10.6000,10.6233,45.20,540.826,121.521
164.00,10.5000,10.4873,44.58,545.786,119.556
164.50,10.3500,10.3408,43.88,550.699,117.332
165.00,10.2500,10.1683,44.32,555.705,115.451
165.50,10.1000,9.9399,44.39,560.668,113.312
166.00,10.0000,9.6066,44.75,565.719,111.517
166.50,9.8500,9.1022,43.12,570.731,109.464
167.00,9.7000,8.3559,43.43,575.768,107.454
167.50,9.6000,7.3196,44.07,580.884,105.790
168.00,9.4500,5.9986,43.17,585.968,103.867
168.50,9.3000,4.4703,44.30,591.077,101.989
169.00,-2.2000,2.8756,27.39,586.468,34.921
169.50,-2.2000,1.3793,27.08,592.309,33.955
170.00,-2.2500,0.1188,26.99,598.123,32.766
170.50,-2.2500,-0.8338,27.48,603.981,31.901
171.00,-2.2500,-1.4800,26.87,609.847,31.087
171.50,-2.2500,-1.8741,27.49,615.719,30.324
172.00,-2.2500,-2.0913,28.95,621.597,29.612
172.50,-2.2500,-2.2006,28.13,627.481,28.951
173.00,-2.3000,-2.2522,28.60,633.349,28.067
173.50,-2.3000,-2.2761,28.84,639.245,27.508
174.00,-2.3000,-2.2877,29.15,645.145,27.000
174.50,-2.3000,-2.2941,29.65,651.050,26.543
175.00,-2.3000,-2.2981,29.73,656.958,26.138
175.50,-2.3000,-2.3012,30.55,662.869,25.783
176.00,-2.3000,-2.3044,29.89,668.782,25.481
176.50,-2.3000,-2.3081,30.86,674.698,25.229
177.00,-2.3000,-2.3125,31.06,680.615,25.029
177.50,-2.3000,-2.3176,31.39,686.534,24.880
178.00,-2.3500,-2.3230,31.54,692.456,24.507
178.50,-2.3500,-2.3284,31.45,698.378,24.461
179.00,-2.3000,-2.3336,32.22,704.293,24.741
179.50,-2.3500,-2.3383,31.91,710.221,24.522
180.00,-2.3500,-2.3427,32.49,716.142,24.630
180.50,-2.3500,-2.3470,33.55,722.061,24.789
181.00,-2.3500,-2.3511,33.70,727.979,24.999
181.50,-2.3500,-2.3554,34.02,733.894,25.260
182.00,-2.3500,-2.3595,34.51,739.806,25.573
182.50,-2.3500,-2.3635,35.24,745.716,25.937
183.00,-2.4000,-2.3671,35.35,751.647,26.078
183.50,-2.4000,-2.3702,35.23,757.551,26.545
184.00,-2.3500,-2.3729,36.52,763.420,27.336
184.50,-2.3500,-2.3757,37.04,769.312,27.905
185.00,-2.4000,-2.3789,39.62,775.234,28.251
185.50,-2.3500,-2.3825,38.75,781.080,29.194
186.00,-2.4000,-2.3866,40.20,786.994,29.643
186.50,-2.4000,-2.3909,40.66,792.865,30.416
187.00,-2.4000,-2.3950,41.51,798.728,31.239
187.50,-2.4000,-2.3987,42.14,804.584,32.113
188.00,-2.4000,-2.4020,42.33,810.432,33.038
188.50,-2.4000,-2.4047,43.71,816.272,34.013
189.00,-2.4000,-2.4070,42.92,822.102,35.039
189.50,-2.4500,-2.4088,43.36,827.979,35.845
190.00,-2.4000,-2.4106,43.47,833.735,37.242
190.50,-2.4000,-2.4126,43.29,839.537,38.418
191.00,-2.4000,-2.4154,42.89,845.328,39.645
191.50,-2.4000,-2.4191,41.45,851.108,40.923
192.00,-2.4500,-2.4238,42.24,856.943,41.982
192.50,-2.4000,-2.4291,42.62,862.633,43.627
193.00,-2.4500,-2.4347,40.51,868.448,44.787
193.50,-2.4500,-2.4402,40.81,874.182,46.264
194.00,-2.4500,-2.4456,40.45,879.903,47.790
194.50,-2.4500,-2.4511,41.12,885.610,49.366
195.00,-2.4500,-2.4573,40.48,891.303,50.992
195.50,-2.4500,-2.4651,40.12,896.982,52.666
196.00,-2.4500,-2.4751,39.52,902.645,54.390
196.50,-2.5000,-2.4877,40.49,908.380,55.901
197.00,-2.4500,-2.5029,40.07,913.927,57.983
197.50,-2.5000,-2.5195,39.28,919.635,59.593
198.00,-2.5500,-2.5360,38.83,925.330,61.253
198.50,-2.6000,-2.5500,39.57,931.013,62.963
199.00,-2.6000,-2.5592,38.85,936.585,64.981
199.50,-2.6000,-2.5620,40.57,942.140,67.046
200.00,-2.6000,-2.5573,39.89,947.677,69.160
200.50,-2.6000,-2.5454,39.52,953.195,71.321
201.00,-2.5500,-2.5272,39.15,958.588,73.784
201.50,-2.5000,-2.5047,40.77,963.957,76.293
202.00,-2.4500,-2.4803,38.15,969.303,78.847
202.50,-2.4500,-2.4572,36.15,974.736,81.195
203.00,-2.5500,-2.4391,36.61,980.377,83.089
203.50,-2.3000,-2.4293,35.62,985.190,86.782
204.00,-2.1500,-2.4300,37.09,990.198,90.015
204.50,-2.4000,-2.4410,55.44,996.138,91.303
205.00,-2.5500,-2.4596,49.23,1001.830,93.143
205.50,-2.5500,-2.4812,54.16,1007.137,95.771
206.00,-2.5000,-2.5008,52.38,1012.295,98.690
206.50,-2.5500,-2.5139,67.81,1017.683,101.166
207.00,-2.5500,-2.5175,75.43,1022.921,103.932
207.50,-2.6500,-2.5104,96.55,1028.399,106.261
208.00,-2.5500,-2.4937,69.95,1033.323,109.599
208.50,-2.5000,-2.4705,58.89,1038.349,112.738
209.00,-2.4500,-2.4453,54.21,1043.347,115.920
209.50,-2.3000,-2.4235,47.97,1048.033,119.618
210.00,-2.3000,-2.4088,46.08,1053.109,122.646
210.50,-2.3000,-2.4026,43.87,1058.160,125.717
211.00,-2.4000,-2.4037,42.80,1063.477,128.366
211.50,-2.4500,-2.4084,43.49,1068.626,131.294
212.00,-2.6000,-2.4123,36.85,1074.052,133.808
212.50,-2.3000,-2.4109,40.98,1078.089,138.437
213.00,-2.4000,-2.3994,40.70,1083.311,141.267
213.50,-2.5000,-2.3726,38.69,1088.511,144.145
214.00,-2.4500,-2.3252,35.32,1093.216,147.748
214.50,-2.4000,-2.2520,33.82,1097.887,151.389
215.00,-2.4000,-2.1506,31.60,1102.686,154.847
215.50,-2.3000,-2.0224,29.16,1107.127,158.790
216.00,-1.8500,-1.8738,29.40,1110.365,164.315
216.50,-1.7000,-1.7143,32.66,1114.547,168.541
217.00,-1.4000,-1.5539,33.94,1118.173,173.458
217.50,-1.2500,-1.3969,33.41,1122.262,177.746
218.00,-1.1000,-1.2352,34.35,1126.309,182.066
218.50,-1.1000,-1.0389,34.00,1130.843,185.770
219.00,-1.0500,-0.7469,34.03,1135.167,189.728
219.50,-1.0500,-0.2627,33.59,1139.635,193.508
220.00,-0.9500,0.5375,34.77,1143.705,197.750
220.50,-0.9500,1.7737,34.47,1148.103,201.604
221.00,-1.0000,3.5085,35.32,1152.655,205.287
221.50,-1.0000,5.6893,33.25,1156.987,209.219
222.00,3.7500,8.1139,24.22,1142.852,233.116
222.50,18.8500,10.4468,24.98,1082.141,305.721
223.00,19.1000,12.2943,25.10,1084.470,310.258
223.50,19.3500,13.3169,27.31,1086.747,314.808
224.00,19.6000,13.3419,26.22,1088.973,319.370
224.50,19.8500,12.4387,25.67,1091.146,323.943
225.00,20.1500,10.9290,26.05,1093.027,328.762
225.50,-0.8500,9.3185,64.65,1189.790,242.572
226.00,-1.0000,8.1612,115.11,1194.408,246.247
226.50,-0.8500,7.8943,466.89,1197.772,251.110
227.00,-0.4000,8.7053,759.51,1199.845,257.134
227.50,-0.8500,10.4840,41.43,1205.604,259.786
228.00,21.6500,12.8837,24.12,1104.650,356.454
228.50,21.9000,15.4589,25.28,1106.405,361.097
229.00,22.1000,17.8166,24.04,1108.368,365.525
229.50,22.3500,19.7186,24.43,1110.021,370.181
230.00,22.5000,21.0975,25.67,1112.153,374.408
230.50,22.7500,22.0069,24.35,1113.707,379.078
231.00,22.9500,22.5421,24.79,1115.478,383.539
231.50,23.2500,22.7707,24.31,1116.658,388.429
232.00,23.5000,22.6976,23.30,1118.055,393.109
232.50,23.7000,22.2674,21.77,1119.678,397.584
233.00,23.9500,21.4045,21.79,1120.974,402.270
233.50,24.2000,20.0724,21.34,1122.218,406.957
234.00,24.3500,18.3300,20.39,1123.977,411.242
234.50,24.5000,16.3491,17.52,1125.694,415.536
235.00,-2.3500,14.3761,10.90,1266.220,324.209
235.50,9.6500,12.6481,9.61,1211.585,368.469
236.00,9.7500,11.3089,9.37,1214.000,373.258
236.50,9.7000,10.3683,9.34,1217.145,377.558
237.00,9.7000,9.7205,9.31,1219.995,382.054
237.50,9.8000,9.2039,9.06,1222.283,386.903
238.00,9.9000,8.6679,9.04,1224.526,391.767
238.50,10.0500,8.0195,9.33,1226.460,396.807
239.00,10.0500,7.2431,9.03,1229.143,401.384
239.50,4.2000,6.3913,12.35,1262.226,388.233
240.00,4.1000,5.5588,11.41,1265.486,392.823
240.50,6.4500,4.8457,8.60,1256.063,404.546
241.00,-2.3500,4.3220,11.02,1302.949,384.935
241.50,4.4000,4.0105,11.84,1271.944,408.459
242.00,4.3000,3.8873,12.88,1275.039,413.150
242.50,4.1500,3.9049,11.66,1278.355,417.738
243.00,4.2000,4.0161,11.15,1280.589,422.892
243.50,4.0500,4.1907,12.79,1283.826,427.541
244.00,4.0000,4.4103,13.61,1286.499,432.481
244.50,4.0000,4.6432,15.12,1288.866,437.573
245.00,4.0000,4.8226,14.40,1291.189,442.685
245.50,3.9500,4.8460,9.15,1293.734,447.696
246.00,3.2500,4.6132,6.86,1299.695,451.189
246.50,24.6000,4.0908,11.87,1176.610,510.368
247.00,-2.4500,3.3631,7.93,1333.697,448.950
247.50,-2.3500,2.6289,8.05,1335.407,454.657
248.00,-2.5000,2.1308,8.63,1338.340,459.853
248.50,-2.3500,2.0528,11.12,1339.697,465.693
249.00,-2.3500,2.4428,12.03,1341.770,471.240
249.50,-2.3500,3.2017,12.20,1343.795,476.804
250.00,19.3000,4.1364,19.63,1221.835,527.537
250.50,3.2000,5.0361,16.84,1318.167,498.591
251.00,3.1500,5.7270,15.06,1320.234,503.861
251.50,6.8000,6.0901,19.65,1301.579,516.129
252.00,6.7500,6.0605,17.95,1303.508,521.260
252.50,16.8000,5.6302,21.16,1244.997,545.447
253.00,6.2500,4.8596,17.30,1309.519,530.875
253.50,0.2500,3.8770,13.99,1344.382,526.126
254.00,0.1000,2.8486,12.62,1346.745,531.477
254.50,0.1000,1.9310,11.80,1348.250,537.087
255.00,0.1000,1.2263,11.64,1349.706,542.710
255.50,0.1000,0.7664,11.77,1351.114,548.346
256.00,-0.4500,0.5262,11.29,1355.465,553.223
256.50,-0.0500,0.4490,12.30,1354.601,559.450
257.00,1.7500,0.4688,10.67,1345.933,567.501
257.50,-0.3000,0.5178,21.62,1358.445,570.501
258.00,-0.1000,0.5313,17.00,1358.515,576.456
258.50,-1.3000,0.4544,12.93,1366.188,580.769
259.00,9.2500,0.2552,18.95,1306.860,598.709
259.50,-2.1000,-0.0613,12.04,1372.636,591.480
260.00,-2.1500,-0.4532,12.10,1373.890,597.261
260.50,-2.2000,-0.8574,12.59,1375.093,603.056
261.00,-1.1000,-1.2150,11.68,1369.971,609.932
261.50,-2.0500,-1.4914,13.50,1375.991,614.904
262.00,-2.1000,-1.6814,13.63,1377.043,620.725
262.50,-2.0500,-1.8004,12.93,1377.499,626.635
263.00,-1.4000,-1.8714,13.23,1374.615,632.993
263.50,-2.0500,-1.9147,15.14,1378.804,638.392
264.00,-2.0500,-1.9432,13.31,1379.380,644.279
264.50,-2.0500,-1.9633,14.59,1379.905,650.171
265.00,-2.0000,-1.9782,17.00,1380.104,656.095
265.50,-2.0500,-1.9895,16.55,1380.801,661.968
266.00,-1.8000,-1.9987,16.96,1379.797,667.988
266.50,-2.0500,-2.0071,16.90,1381.492,673.781
267.00,-2.0500,-2.0149,18.15,1381.761,679.692
267.50,-2.0500,-2.0212,18.35,1381.978,685.605
268.00,-2.0500,-2.0250,18.62,1382.144,691.520
268.50,-2.0500,-2.0256,18.63,1382.259,697.437
269.00,-2.0500,-2.0231,19.47,1382.322,703.354
269.50,-2.0000,-2.0184,19.44,1382.058,709.280
270.00,-2.0000,-2.0124,19.96,1382.019,715.196
270.50,-2.0000,-2.0061,19.04,1381.928,721.112
271.00,-2.0000,-1.9999,19.63,1381.786,727.028
271.50,-2.0000,-1.9939,20.13,1381.592,732.942
272.00,-2.0000,-1.9877,19.68,1381.347,738.855
272.50,-1.9500,-1.9807,20.19,1380.775,744.758
273.00,-2.0000,-1.9725,19.53,1380.702,750.674
273.50,-2.0000,-1.9628,20.55,1380.303,756.579
274.00,-1.9500,-1.9518,21.45,1379.578,762.467
274.50,-1.9500,-1.9400,20.50,1379.076,768.363
275.00,-1.9000,-1.9281,21.98,1378.248,774.235
275.50,-1.9000,-1.9170,21.83,1377.644,780.120
276.00,-1.9000,-1.9072,22.41,1376.989,785.999
276.50,-1.9000,-1.8989,22.43,1376.283,791.873
277.00,-1.9000,-1.8916,22.68,1375.526,797.741
277.50,-1.8500,-1.8852,22.70,1374.444,803.572
278.00,-1.9000,-1.8791,22.20,1373.858,809.458
278.50,-1.9000,-1.8732,23.13,1372.948,815.305
279.00,-1.8500,-1.8675,24.07,1371.714,821.107
279.50,-1.8500,-1.8619,23.84,1370.702,826.936
280.00,-1.8500,-1.8567,24.60,1369.640,832.756
280.50,-1.8500,-1.8516,24.29,1368.527,838.567
281.00,-1.8500,-1.8463,24.90,1367.364,844.369
281.50,-1.8500,-1.8402,25.93,1366.150,850.161
282.00,-1.8500,-1.8329,26.20,1364.885,855.942
282.50,-1.8500,-1.8242,27.91,1363.571,861.713
283.00,-1.8000,-1.8143,27.95,1361.936,867.416
283.50,-1.8000,-1.8038,26.71,1360.522,873.161
284.00,-1.8000,-1.7920,28.19,1359.057,878.894
284.50,-1.7500,-1.7788,27.94,1357.275,884.551
285.00,-1.8000,-1.7606,27.97,1355.978,890.322
285.50,-1.7500,-1.7292,27.27,1354.097,895.948
286.00,-1.7500,-1.6681,26.95,1352.434,901.626
286.50,-1.7500,-1.5497,27.34,1350.722,907.289
287.00,-1.7500,-1.3371,30.31,1348.960,912.938
287.50,-1.7000,-0.9961,26.42,1346.885,918.495
288.00,-1.7000,-0.5175,25.20,1345.025,924.110
288.50,-1.7000,0.0576,25.96,1343.117,929.710
289.00,-1.6500,0.6282,25.69,1340.897,935.209
289.50,-1.6500,1.0564,25.34,1338.892,940.774
290.00,20.0000,1.2207,26.81,1212.287,902.773
290.50,-1.6500,1.0729,25.06,1334.736,951.849
291.00,-1.6500,0.6622,25.05,1332.586,957.360
291.50,-1.6500,0.1106,25.82,1330.388,962.853
292.00,-1.6500,-0.4438,25.39,1328.142,968.326
292.50,-1.6000,-0.9008,26.84,1325.591,973.681
293.00,-1.6000,-1.2198,26.34,1323.250,979.113
293.50,-1.6000,-1.4107,26.63,1320.862,984.525
294.00,-1.6000,-1.5081,27.18,1318.427,989.916
294.50,-1.6000,-1.5490,27.05,1315.945,995.286
295.00,-1.5500,-1.5607,27.93,1313.163,1000.524
295.50,-1.5500,-1.5598,28.63,1310.588,1005.848
296.00,-1.5500,-1.5541,29.24,1307.967,1011.151
296.50,-1.5500,-1.5473,29.79,1305.299,1016.430
297.00,-1.5500,-1.5395,30.43,1302.586,1021.687
297.50,-1.5500,-1.5315,31.83,1299.826,1026.920
298.00,-1.5000,-1.5228,37.16,1296.775,1032.005
298.50,-1.5000,-1.5136,43.99,1293.925,1037.188
299.00,-1.5500,-1.5038,12.28,1291.274,1042.474
299.50,-1.5500,-1.4941,12.70,1288.332,1047.609
300.00,-1.3500,-1.4849,10.81,1284.379,1052.190
300.50,-1.5000,-1.4767,35.84,1282.075,1057.669
301.00,-1.5000,-1.4699,37.66,1279.001,1062.724
301.50,-1.4500,-1.4643,37.84,1275.645,1067.614
302.00,-1.4500,-1.4598,39.44,1272.484,1072.614
302.50,-1.4500,-1.4564,39.19,1269.279,1077.586
303.00,-1.4500,-1.4538,40.59,1266.031,1082.531
303.50,-1.4500,-1.4519,41.25,1262.739,1087.447
304.00,-1.4500,-1.4503,42.33,1259.405,1092.335
304.50,-1.4500,-1.4486,43.63,1256.028,1097.194
305.00,-1.4500,-1.4462,46.28,1252.608,1102.023
305.50,-1.4500,-1.4424,49.03,1249.146,1106.823
306.00,-1.4500,-1.4367,51.70,1245.642,1111.593
306.50,-1.4500,-1.4286,54.93,1242.097,1116.332
307.00,-1.4500,-1.4182,56.29,1238.510,1121.041
307.50,-1.4000,-1.4060,54.97,1234.659,1125.556
308.00,-1.4000,-1.3930,54.53,1230.991,1130.200
308.50,-1.3500,-1.3801,56.37,1227.063,1134.646
309.00,-1.3500,-1.3682,59.50,1223.316,1139.223
309.50,-1.3500,-1.3576,62.28,1219.528,1143.769
310.00,-1.3500,-1.3483,66.07,1215.701,1148.281
310.50,-1.3500,-1.3403,67.79,1211.834,1152.760
311.00,-1.3500,-1.3335,69.77,1207.928,1157.206
311.50,-1.3000,-1.3284,69.37,1203.772,1161.440
312.00,-1.3000,-1.3253,69.16,1199.790,1165.816
312.50,-1.3000,-1.3244,72.97,1195.769,1170.156
313.00,-1.3000,-1.3250,78.94,1191.711,1174.462
313.50,-1.3500,-1.3257,87.14,1187.818,1178.917
314.00,-1.3500,-1.3245,95.41,1183.683,1183.154
314.50,-1.3500,-1.3196,99.94,1179.510,1187.355
315.00,-1.3500,-1.3094,94.24,1175.301,1191.519
315.50,-1.3500,-1.2934,85.69,1171.055,1195.647
316.00,-1.3000,-1.2722,78.39,1166.577,1199.544
316.50,-1.2500,-1.2476,70.46,1162.067,1203.400
317.00,-1.2000,-1.2217,65.99,1157.525,1207.216
317.50,-1.1500,-1.1967,61.89,1152.950,1210.990
318.00,-1.1500,-1.1739,59.32,1148.534,1214.923
318.50,-1.1500,-1.1540,56.08,1144.083,1218.817
319.00,-1.1500,-1.1367,55.88,1139.597,1222.673
319.50,-1.1000,-1.1216,54.80,1134.894,1226.284
320.00,-1.1000,-1.1081,53.59,1130.343,1230.060
320.50,-1.1000,-1.0957,53.13,1125.759,1233.796
321.00,-1.1000,-1.0845,53.04,1121.142,1237.492
321.50,-1.0500,-1.0744,52.79,1116.317,1240.936
322.00,-1.0500,-1.0654,53.64,1111.637,1244.549
322.50,-1.0500,-1.0574,53.30,1106.926,1248.122
323.00,-1.0500,-1.0500,52.81,1102.183,1251.654
323.50,-1.0500,-1.0426,53.86,1097.409,1255.144
324.00,-1.0500,-1.0346,53.83,1092.605,1258.592
324.50,-1.0500,-1.0257,54.57,1087.770,1261.999
325.00,-1.0000,-1.0158,54.62,1082.743,1265.141
325.50,-1.0000,-1.0051,55.00,1077.850,1268.462
326.00,-1.0000,-0.9940,55.16,1072.929,1271.740
326.50,-1.0000,-0.9827,55.09,1067.978,1274.975
327.00,-0.9500,-0.9717,55.34,1062.845,1277.939
327.50,-0.9500,-0.9610,56.35,1057.840,1281.085
328.00,-0.9500,-0.9507,56.83,1052.807,1284.188
328.50,-0.9500,-0.9408,57.33,1047.747,1287.248
329.00,-0.9500,-0.9314,58.20,1042.661,1290.263
329.50,-0.9000,-0.9226,59.57,1037.403,1292.999
330.00,-0.9000,-0.9145,60.79,1032.265,1295.923
330.50,-0.9000,-0.9070,63.43,1027.102,1298.803
331.00,-0.9000,-0.9000,63.81,1021.914,1301.637
331.50,-0.9000,-0.8930,64.60,1016.700,1304.426
332.00,-0.9000,-0.8855,65.46,1011.462,1307.170
332.50,-0.9000,-0.8774,67.35,1006.200,1309.867
333.00,-0.8500,-0.8686,67.44,1000.785,1312.276
333.50,-0.8500,-0.8594,67.51,995.478,1314.881
334.00,-0.8500,-0.8497,67.95,990.147,1317.438
334.50,-0.8500,-0.8399,67.42,984.795,1319.950
335.00,-0.8500,-0.8300,68.05,979.420,1322.414
335.50,-0.8000,-0.8200,67.47,973.905,1324.583
336.00,-0.8000,-0.8100,66.84,968.489,1326.952
336.50,-0.8000,-0.8000,67.44,963.053,1329.274
337.00,-0.8000,-0.7900,68.07,957.596,1331.548
337.50,-0.8000,-0.7800,68.82,952.119,1333.775
338.00,-0.7500,-0.7700,68.30,946.515,1335.699
338.50,-0.7500,-0.7601,67.86,941.001,1337.829
339.00,-0.7500,-0.7503,69.36,935.469,1339.910
339.50,-0.7500,-0.7407,70.13,929.918,1341.943
340.00,-0.7500,-0.7316,67.59,924.350,1343.927
340.50,-0.7000,-0.7232,68.38,918.668,1345.604
341.00,-0.7000,-0.7158,69.19,913.067,1347.489
341.50,-0.7000,-0.7096,71.18,907.449,1349.326
342.00,-0.7000,-0.7045,71.66,901.815,1351.113
342.50,-0.7000,-0.7000,71.20,896.166,1352.851
343.00,-0.7000,-0.6956,73.10,890.501,1354.539
343.50,-0.7000,-0.6906,73.52,884.821,1356.178
344.00,-0.7000,-0.6846,74.22,879.127,1357.766
344.50,-0.7000,-0.6777,77.01,873.418,1359.305
345.00,-0.6500,-0.6701,79.31,867.621,1360.530
345.50,-0.6500,-0.6621,80.25,861.889,1361.968
346.00,-0.6500,-0.6540,83.51,856.143,1363.355
346.50,-0.6500,-0.6460,84.94,850.386,1364.693
347.00,-0.6500,-0.6379,86.93,844.616,1365.980
347.50,-0.6500,-0.6300,87.83,838.835,1367.216
348.00,-0.6000,-0.6224,91.80,832.983,1368.133
348.50,-0.6000,-0.6156,93.83,827.183,1369.268
349.00,-0.6000,-0.6099,97.03,821.373,1370.351
349.50,-0.6000,-0.6053,100.51,815.553,1371.384
350.00,-0.6000,-0.6017,106.09,809.725,1372.365
350.50,-0.6000,-0.5983,110.80,803.887,1373.296
351.00,-0.6000,-0.5947,115.18,798.042,1374.175
351.50,-0.6000,-0.5902,115.11,792.188,1375.002
352.00,-0.6000,-0.5846,113.10,786.328,1375.779
352.50,-0.6000,-0.5781,113.89,780.460,1376.504
353.00,-0.5500,-0.5709,110.29,774.550,1376.905
353.50,-0.5500,-0.5637,104.38,768.672,1377.526
354.00,-0.5500,-0.5568,98.73,762.789,1378.096
354.50,-0.5500,-0.5500,95.87,756.901,1378.615
355.00,-0.5500,-0.5431,93.98,751.008,1379.081
355.50,-0.5500,-0.5360,91.89,745.111,1379.496
356.00,-0.5500,-0.5284,88.06,739.211,1379.859
356.50,-0.5000,-0.5206,86.29,733.288,1379.896
357.00,-0.5000,-0.5128,83.70,727.384,1380.156
357.50,-0.5000,-0.5054,82.47,721.477,1380.363
358.00,-0.5000,-0.4985,79.70,715.569,1380.519
358.50,-0.5000,-0.4923,78.35,709.660,1380.623
359.00,-0.5000,-0.4867,76.26,703.749,1380.675
359.50,-0.4500,-0.4818,71.69,697.834,1380.399
